{"cameraMode":{"drawMode":0,"name":"Shaded","section":"Shading Mode"},"sceneLighting":false,"audioPlay":false,"sceneViewState":{"showFog":true,"showMaterialUpdate":false,"showSkybox":true,"showFlares":true,"showImageEffects":true,"showParticleSystems":true},"in2DMode":false,"pivot":{"x":0.03541004657745361,"y":1.0394489765167237,"z":0.0827791690826416},"rotation":{"x":-0.0818169116973877,"y":-0.5620879530906677,"z":0.05600189045071602,"w":-0.8211132884025574},"size":7.204734802246094,"orthographic":false}