{"cameraMode":{"drawMode":0,"name":"Shaded","section":"Shading Mode"},"sceneLighting":false,"audioPlay":false,"sceneViewState":{"showFog":true,"showMaterialUpdate":false,"showSkybox":true,"showFlares":true,"showImageEffects":true,"showParticleSystems":true},"in2DMode":false,"pivot":{"x":0.02729511260986328,"y":0.861084520816803,"z":0.007589578628540039},"rotation":{"x":-0.0818169116973877,"y":-0.5620879530906677,"z":0.05600189045071602,"w":-0.8211132884025574},"size":4.790700435638428,"orthographic":false}