{"cameraMode":{"drawMode":0,"name":"Shaded","section":"Shading Mode"},"sceneLighting":false,"audioPlay":false,"sceneViewState":{"showFog":true,"showMaterialUpdate":false,"showSkybox":true,"showFlares":true,"showImageEffects":true,"showParticleSystems":true},"in2DMode":false,"pivot":{"x":77.69999694824219,"y":25.299999237060548,"z":7.199999809265137},"rotation":{"x":-0.31608396768569949,"y":0.19367657601833344,"z":-0.066083624958992,"w":-0.9263980388641357},"size":35.45592498779297,"orthographic":false}